REGION,FUEL,YEAR,VALUE
REGION1,ATE2,2015,227.57
REGION1,ATE2,2016,230.42
REGION1,ATE2,2017,233.27
REGION1,ATE2,2018,236.11
REGION1,ATE2,2019,238.96
REGION1,ATE2,2020,241.80
REGION1,ATE2,2021,243.61
REGION1,ATE2,2022,245.42
REGION1,ATE2,2023,247.24
REGION1,ATE2,2024,249.05
REGION1,ATE2,2025,250.86
REGION1,ATE2,2026,252.89
REGION1,ATE2,2027,254.92
REGION1,ATE2,2028,256.96
REGION1,ATE2,2029,258.99
REGION1,ATE2,2030,261.02
REGION1,ATE2,2031,262.57
REGION1,ATE2,2032,264.12
REGION1,ATE2,2033,265.67
REGION1,ATE2,2034,267.22
REGION1,ATE2,2035,268.77
REGION1,ATE2,2036,270.93
REGION1,ATE2,2037,273.10
REGION1,ATE2,2038,275.26
REGION1,ATE2,2039,277.42
REGION1,ATE2,2040,279.59
REGION1,ATE2,2041,282.01
REGION1,ATE2,2042,284.43
REGION1,ATE2,2043,286.85
REGION1,ATE2,2044,289.27
REGION1,ATE2,2045,291.69
REGION1,ATE2,2046,293.00
REGION1,ATE2,2047,294.31
REGION1,ATE2,2048,295.62
REGION1,ATE2,2049,296.93
REGION1,ATE2,2050,298.25
REGION1,ATE2,2051,298.25
REGION1,ATE2,2052,298.25
REGION1,ATE2,2053,298.25
REGION1,ATE2,2054,298.25
REGION1,ATE2,2055,298.25
REGION1,ATE2,2056,298.25
REGION1,ATE2,2057,298.25
REGION1,ATE2,2058,298.25
REGION1,ATE2,2059,298.25
REGION1,ATE2,2060,298.25
REGION1,BEE2,2015,294.44
REGION1,BEE2,2016,296.04
REGION1,BEE2,2017,297.65
REGION1,BEE2,2018,299.26
REGION1,BEE2,2019,300.86
REGION1,BEE2,2020,302.47
REGION1,BEE2,2021,303.48
REGION1,BEE2,2022,304.48
REGION1,BEE2,2023,305.49
REGION1,BEE2,2024,306.50
REGION1,BEE2,2025,307.51
REGION1,BEE2,2026,310.08
REGION1,BEE2,2027,312.64
REGION1,BEE2,2028,315.21
REGION1,BEE2,2029,317.78
REGION1,BEE2,2030,320.35
REGION1,BEE2,2031,322.44
REGION1,BEE2,2032,324.53
REGION1,BEE2,2033,326.62
REGION1,BEE2,2034,328.72
REGION1,BEE2,2035,330.81
REGION1,BEE2,2036,334.68
REGION1,BEE2,2037,338.55
REGION1,BEE2,2038,342.43
REGION1,BEE2,2039,346.30
REGION1,BEE2,2040,350.17
REGION1,BEE2,2041,354.22
REGION1,BEE2,2042,358.28
REGION1,BEE2,2043,362.33
REGION1,BEE2,2044,366.38
REGION1,BEE2,2045,370.43
REGION1,BEE2,2046,374.20
REGION1,BEE2,2047,377.97
REGION1,BEE2,2048,381.74
REGION1,BEE2,2049,385.51
REGION1,BEE2,2050,389.28
REGION1,BEE2,2051,389.28
REGION1,BEE2,2052,389.28
REGION1,BEE2,2053,389.28
REGION1,BEE2,2054,389.28
REGION1,BEE2,2055,389.28
REGION1,BEE2,2056,389.28
REGION1,BEE2,2057,389.28
REGION1,BEE2,2058,389.28
REGION1,BEE2,2059,389.28
REGION1,BEE2,2060,389.28
REGION1,BGE2,2015,99.74
REGION1,BGE2,2016,100.77
REGION1,BGE2,2017,101.81
REGION1,BGE2,2018,102.84
REGION1,BGE2,2019,103.88
REGION1,BGE2,2020,104.91
REGION1,BGE2,2021,105.68
REGION1,BGE2,2022,106.46
REGION1,BGE2,2023,107.23
REGION1,BGE2,2024,108.00
REGION1,BGE2,2025,108.78
REGION1,BGE2,2026,109.40
REGION1,BGE2,2027,110.01
REGION1,BGE2,2028,110.63
REGION1,BGE2,2029,111.25
REGION1,BGE2,2030,111.87
REGION1,BGE2,2031,112.33
REGION1,BGE2,2032,112.79
REGION1,BGE2,2033,113.24
REGION1,BGE2,2034,113.70
REGION1,BGE2,2035,114.16
REGION1,BGE2,2036,114.92
REGION1,BGE2,2037,115.68
REGION1,BGE2,2038,116.44
REGION1,BGE2,2039,117.20
REGION1,BGE2,2040,117.96
REGION1,BGE2,2041,118.82
REGION1,BGE2,2042,119.69
REGION1,BGE2,2043,120.56
REGION1,BGE2,2044,121.42
REGION1,BGE2,2045,122.29
REGION1,BGE2,2046,123.46
REGION1,BGE2,2047,124.64
REGION1,BGE2,2048,125.82
REGION1,BGE2,2049,127.00
REGION1,BGE2,2050,128.18
REGION1,BGE2,2051,128.18
REGION1,BGE2,2052,128.18
REGION1,BGE2,2053,128.18
REGION1,BGE2,2054,128.18
REGION1,BGE2,2055,128.18
REGION1,BGE2,2056,128.18
REGION1,BGE2,2057,128.18
REGION1,BGE2,2058,128.18
REGION1,BGE2,2059,128.18
REGION1,BGE2,2060,128.18
REGION1,CHE2,2015,222.6
REGION1,CHE2,2016,222.5
REGION1,CHE2,2017,222.4
REGION1,CHE2,2018,222.3
REGION1,CHE2,2019,222.1
REGION1,CHE2,2020,222
REGION1,CHE2,2021,231.9
REGION1,CHE2,2022,241.7
REGION1,CHE2,2023,251.6
REGION1,CHE2,2024,252.462
REGION1,CHE2,2025,253.324
REGION1,CHE2,2026,254.186
REGION1,CHE2,2027,255.047
REGION1,CHE2,2028,255.909
REGION1,CHE2,2029,256.771
REGION1,CHE2,2030,257.633
REGION1,CHE2,2031,258.495
REGION1,CHE2,2032,259.357
REGION1,CHE2,2033,260.219
REGION1,CHE2,2034,261.08
REGION1,CHE2,2035,261.942
REGION1,CHE2,2036,262.804
REGION1,CHE2,2037,263.666
REGION1,CHE2,2038,264.528
REGION1,CHE2,2039,265.39
REGION1,CHE2,2040,266.251
REGION1,CHE2,2041,267.113
REGION1,CHE2,2042,267.975
REGION1,CHE2,2043,268.837
REGION1,CHE2,2044,269.699
REGION1,CHE2,2045,270.561
REGION1,CHE2,2046,271.423
REGION1,CHE2,2047,272.284
REGION1,CHE2,2048,273.146
REGION1,CHE2,2049,274.008
REGION1,CHE2,2050,274.87
REGION1,CHE2,2051,274.87
REGION1,CHE2,2052,274.87
REGION1,CHE2,2053,274.87
REGION1,CHE2,2054,274.87
REGION1,CHE2,2055,274.87
REGION1,CHE2,2056,274.87
REGION1,CHE2,2057,274.87
REGION1,CHE2,2058,274.87
REGION1,CHE2,2059,274.87
REGION1,CHE2,2060,274.87
REGION1,CYE2,2015,15.06
REGION1,CYE2,2016,15.31
REGION1,CYE2,2017,15.56
REGION1,CYE2,2018,15.81
REGION1,CYE2,2019,16.06
REGION1,CYE2,2020,16.31
REGION1,CYE2,2021,16.61
REGION1,CYE2,2022,16.90
REGION1,CYE2,2023,17.20
REGION1,CYE2,2024,17.50
REGION1,CYE2,2025,17.79
REGION1,CYE2,2026,17.94
REGION1,CYE2,2027,18.09
REGION1,CYE2,2028,18.24
REGION1,CYE2,2029,18.39
REGION1,CYE2,2030,18.54
REGION1,CYE2,2031,18.79
REGION1,CYE2,2032,19.05
REGION1,CYE2,2033,19.30
REGION1,CYE2,2034,19.55
REGION1,CYE2,2035,19.80
REGION1,CYE2,2036,20.06
REGION1,CYE2,2037,20.31
REGION1,CYE2,2038,20.57
REGION1,CYE2,2039,20.82
REGION1,CYE2,2040,21.07
REGION1,CYE2,2041,21.48
REGION1,CYE2,2042,21.88
REGION1,CYE2,2043,22.29
REGION1,CYE2,2044,22.69
REGION1,CYE2,2045,23.10
REGION1,CYE2,2046,23.36
REGION1,CYE2,2047,23.63
REGION1,CYE2,2048,23.89
REGION1,CYE2,2049,24.16
REGION1,CYE2,2050,24.42
REGION1,CYE2,2051,24.42
REGION1,CYE2,2052,24.42
REGION1,CYE2,2053,24.42
REGION1,CYE2,2054,24.42
REGION1,CYE2,2055,24.42
REGION1,CYE2,2056,24.42
REGION1,CYE2,2057,24.42
REGION1,CYE2,2058,24.42
REGION1,CYE2,2059,24.42
REGION1,CYE2,2060,24.42
REGION1,CZE2,2015,209.83
REGION1,CZE2,2016,211.82
REGION1,CZE2,2017,213.81
REGION1,CZE2,2018,215.79
REGION1,CZE2,2019,217.78
REGION1,CZE2,2020,219.77
REGION1,CZE2,2021,221.98
REGION1,CZE2,2022,224.19
REGION1,CZE2,2023,226.41
REGION1,CZE2,2024,228.62
REGION1,CZE2,2025,230.83
REGION1,CZE2,2026,232.28
REGION1,CZE2,2027,233.74
REGION1,CZE2,2028,235.19
REGION1,CZE2,2029,236.65
REGION1,CZE2,2030,238.11
REGION1,CZE2,2031,240.07
REGION1,CZE2,2032,242.04
REGION1,CZE2,2033,244.01
REGION1,CZE2,2034,245.98
REGION1,CZE2,2035,247.95
REGION1,CZE2,2036,250.08
REGION1,CZE2,2037,252.21
REGION1,CZE2,2038,254.34
REGION1,CZE2,2039,256.47
REGION1,CZE2,2040,258.60
REGION1,CZE2,2041,261.37
REGION1,CZE2,2042,264.13
REGION1,CZE2,2043,266.90
REGION1,CZE2,2044,269.67
REGION1,CZE2,2045,272.44
REGION1,CZE2,2046,274.90
REGION1,CZE2,2047,277.37
REGION1,CZE2,2048,279.83
REGION1,CZE2,2049,282.29
REGION1,CZE2,2050,284.76
REGION1,CZE2,2051,284.76
REGION1,CZE2,2052,284.76
REGION1,CZE2,2053,284.76
REGION1,CZE2,2054,284.76
REGION1,CZE2,2055,284.76
REGION1,CZE2,2056,284.76
REGION1,CZE2,2057,284.76
REGION1,CZE2,2058,284.76
REGION1,CZE2,2059,284.76
REGION1,CZE2,2060,284.76
REGION1,DEE2,2015,1879.06
REGION1,DEE2,2016,1885.09
REGION1,DEE2,2017,1891.12
REGION1,DEE2,2018,1897.15
REGION1,DEE2,2019,1903.19
REGION1,DEE2,2020,1909.22
REGION1,DEE2,2021,1919.94
REGION1,DEE2,2022,1930.66
REGION1,DEE2,2023,1941.38
REGION1,DEE2,2024,1952.11
REGION1,DEE2,2025,1962.83
REGION1,DEE2,2026,1972.73
REGION1,DEE2,2027,1982.64
REGION1,DEE2,2028,1992.55
REGION1,DEE2,2029,2002.45
REGION1,DEE2,2030,2012.36
REGION1,DEE2,2031,2014.36
REGION1,DEE2,2032,2016.35
REGION1,DEE2,2033,2018.34
REGION1,DEE2,2034,2020.34
REGION1,DEE2,2035,2022.33
REGION1,DEE2,2036,2025.56
REGION1,DEE2,2037,2028.78
REGION1,DEE2,2038,2032.00
REGION1,DEE2,2039,2035.23
REGION1,DEE2,2040,2038.45
REGION1,DEE2,2041,2043.52
REGION1,DEE2,2042,2048.59
REGION1,DEE2,2043,2053.66
REGION1,DEE2,2044,2058.73
REGION1,DEE2,2045,2063.81
REGION1,DEE2,2046,2068.52
REGION1,DEE2,2047,2073.23
REGION1,DEE2,2048,2077.94
REGION1,DEE2,2049,2082.66
REGION1,DEE2,2050,2087.37
REGION1,DEE2,2051,2087.37
REGION1,DEE2,2052,2087.37
REGION1,DEE2,2053,2087.37
REGION1,DEE2,2054,2087.37
REGION1,DEE2,2055,2087.37
REGION1,DEE2,2056,2087.37
REGION1,DEE2,2057,2087.37
REGION1,DEE2,2058,2087.37
REGION1,DEE2,2059,2087.37
REGION1,DEE2,2060,2087.37
REGION1,DKE2,2015,114.42
REGION1,DKE2,2016,115.15
REGION1,DKE2,2017,115.88
REGION1,DKE2,2018,116.60
REGION1,DKE2,2019,117.33
REGION1,DKE2,2020,118.06
REGION1,DKE2,2021,119.29
REGION1,DKE2,2022,120.52
REGION1,DKE2,2023,121.75
REGION1,DKE2,2024,122.98
REGION1,DKE2,2025,124.21
REGION1,DKE2,2026,125.09
REGION1,DKE2,2027,125.97
REGION1,DKE2,2028,126.85
REGION1,DKE2,2029,127.73
REGION1,DKE2,2030,128.61
REGION1,DKE2,2031,130.08
REGION1,DKE2,2032,131.56
REGION1,DKE2,2033,133.03
REGION1,DKE2,2034,134.51
REGION1,DKE2,2035,135.98
REGION1,DKE2,2036,137.42
REGION1,DKE2,2037,138.85
REGION1,DKE2,2038,140.29
REGION1,DKE2,2039,141.72
REGION1,DKE2,2040,143.16
REGION1,DKE2,2041,144.91
REGION1,DKE2,2042,146.67
REGION1,DKE2,2043,148.42
REGION1,DKE2,2044,150.18
REGION1,DKE2,2045,151.93
REGION1,DKE2,2046,153.58
REGION1,DKE2,2047,155.23
REGION1,DKE2,2048,156.88
REGION1,DKE2,2049,158.54
REGION1,DKE2,2050,160.19
REGION1,DKE2,2051,160.19
REGION1,DKE2,2052,160.19
REGION1,DKE2,2053,160.19
REGION1,DKE2,2054,160.19
REGION1,DKE2,2055,160.19
REGION1,DKE2,2056,160.19
REGION1,DKE2,2057,160.19
REGION1,DKE2,2058,160.19
REGION1,DKE2,2059,160.19
REGION1,DKE2,2060,160.19
REGION1,EEE2,2015,25.71
REGION1,EEE2,2016,26.02
REGION1,EEE2,2017,26.32
REGION1,EEE2,2018,26.63
REGION1,EEE2,2019,26.93
REGION1,EEE2,2020,27.24
REGION1,EEE2,2021,27.44
REGION1,EEE2,2022,27.64
REGION1,EEE2,2023,27.85
REGION1,EEE2,2024,28.05
REGION1,EEE2,2025,28.25
REGION1,EEE2,2026,28.59
REGION1,EEE2,2027,28.93
REGION1,EEE2,2028,29.26
REGION1,EEE2,2029,29.60
REGION1,EEE2,2030,29.94
REGION1,EEE2,2031,30.11
REGION1,EEE2,2032,30.29
REGION1,EEE2,2033,30.46
REGION1,EEE2,2034,30.64
REGION1,EEE2,2035,30.81
REGION1,EEE2,2036,31.06
REGION1,EEE2,2037,31.32
REGION1,EEE2,2038,31.57
REGION1,EEE2,2039,31.82
REGION1,EEE2,2040,32.07
REGION1,EEE2,2041,32.40
REGION1,EEE2,2042,32.73
REGION1,EEE2,2043,33.06
REGION1,EEE2,2044,33.38
REGION1,EEE2,2045,33.71
REGION1,EEE2,2046,34.00
REGION1,EEE2,2047,34.29
REGION1,EEE2,2048,34.58
REGION1,EEE2,2049,34.87
REGION1,EEE2,2050,35.15
REGION1,EEE2,2051,35.15
REGION1,EEE2,2052,35.15
REGION1,EEE2,2053,35.15
REGION1,EEE2,2054,35.15
REGION1,EEE2,2055,35.15
REGION1,EEE2,2056,35.15
REGION1,EEE2,2057,35.15
REGION1,EEE2,2058,35.15
REGION1,EEE2,2059,35.15
REGION1,EEE2,2060,35.15
REGION1,ESE2,2015,839.73
REGION1,ESE2,2016,849.35
REGION1,ESE2,2017,858.96
REGION1,ESE2,2018,868.58
REGION1,ESE2,2019,878.19
REGION1,ESE2,2020,887.80
REGION1,ESE2,2021,889.73
REGION1,ESE2,2022,891.66
REGION1,ESE2,2023,893.59
REGION1,ESE2,2024,895.52
REGION1,ESE2,2025,897.44
REGION1,ESE2,2026,902.78
REGION1,ESE2,2027,908.11
REGION1,ESE2,2028,913.45
REGION1,ESE2,2029,918.78
REGION1,ESE2,2030,924.12
REGION1,ESE2,2031,928.83
REGION1,ESE2,2032,933.54
REGION1,ESE2,2033,938.25
REGION1,ESE2,2034,942.95
REGION1,ESE2,2035,947.66
REGION1,ESE2,2036,952.73
REGION1,ESE2,2037,957.80
REGION1,ESE2,2038,962.86
REGION1,ESE2,2039,967.93
REGION1,ESE2,2040,973.00
REGION1,ESE2,2041,979.48
REGION1,ESE2,2042,985.96
REGION1,ESE2,2043,992.44
REGION1,ESE2,2044,998.92
REGION1,ESE2,2045,1005.40
REGION1,ESE2,2046,1013.80
REGION1,ESE2,2047,1022.20
REGION1,ESE2,2048,1030.60
REGION1,ESE2,2049,1039.00
REGION1,ESE2,2050,1047.41
REGION1,ESE2,2051,1047.41
REGION1,ESE2,2052,1047.41
REGION1,ESE2,2053,1047.41
REGION1,ESE2,2054,1047.41
REGION1,ESE2,2055,1047.41
REGION1,ESE2,2056,1047.41
REGION1,ESE2,2057,1047.41
REGION1,ESE2,2058,1047.41
REGION1,ESE2,2059,1047.41
REGION1,ESE2,2060,1047.41
REGION1,FIE2,2015,284.21
REGION1,FIE2,2016,284.74
REGION1,FIE2,2017,285.28
REGION1,FIE2,2018,285.81
REGION1,FIE2,2019,286.35
REGION1,FIE2,2020,286.88
REGION1,FIE2,2021,288.82
REGION1,FIE2,2022,290.75
REGION1,FIE2,2023,292.69
REGION1,FIE2,2024,294.62
REGION1,FIE2,2025,296.55
REGION1,FIE2,2026,297.67
REGION1,FIE2,2027,298.79
REGION1,FIE2,2028,299.90
REGION1,FIE2,2029,301.02
REGION1,FIE2,2030,302.13
REGION1,FIE2,2031,303.82
REGION1,FIE2,2032,305.51
REGION1,FIE2,2033,307.19
REGION1,FIE2,2034,308.88
REGION1,FIE2,2035,310.56
REGION1,FIE2,2036,312.41
REGION1,FIE2,2037,314.25
REGION1,FIE2,2038,316.09
REGION1,FIE2,2039,317.94
REGION1,FIE2,2040,319.78
REGION1,FIE2,2041,322.46
REGION1,FIE2,2042,325.14
REGION1,FIE2,2043,327.82
REGION1,FIE2,2044,330.50
REGION1,FIE2,2045,333.18
REGION1,FIE2,2046,335.73
REGION1,FIE2,2047,338.29
REGION1,FIE2,2048,340.84
REGION1,FIE2,2049,343.40
REGION1,FIE2,2050,345.95
REGION1,FIE2,2051,345.95
REGION1,FIE2,2052,345.95
REGION1,FIE2,2053,345.95
REGION1,FIE2,2054,345.95
REGION1,FIE2,2055,345.95
REGION1,FIE2,2056,345.95
REGION1,FIE2,2057,345.95
REGION1,FIE2,2058,345.95
REGION1,FIE2,2059,345.95
REGION1,FIE2,2060,345.95
REGION1,FRE2,2015,1582.13
REGION1,FRE2,2016,1591.31
REGION1,FRE2,2017,1600.48
REGION1,FRE2,2018,1609.66
REGION1,FRE2,2019,1618.84
REGION1,FRE2,2020,1628.02
REGION1,FRE2,2021,1632.17
REGION1,FRE2,2022,1636.31
REGION1,FRE2,2023,1640.46
REGION1,FRE2,2024,1644.60
REGION1,FRE2,2025,1648.74
REGION1,FRE2,2026,1656.89
REGION1,FRE2,2027,1665.03
REGION1,FRE2,2028,1673.17
REGION1,FRE2,2029,1681.31
REGION1,FRE2,2030,1689.46
REGION1,FRE2,2031,1703.70
REGION1,FRE2,2032,1717.95
REGION1,FRE2,2033,1732.19
REGION1,FRE2,2034,1746.44
REGION1,FRE2,2035,1760.68
REGION1,FRE2,2036,1774.69
REGION1,FRE2,2037,1788.71
REGION1,FRE2,2038,1802.72
REGION1,FRE2,2039,1816.73
REGION1,FRE2,2040,1830.74
REGION1,FRE2,2041,1844.12
REGION1,FRE2,2042,1857.50
REGION1,FRE2,2043,1870.88
REGION1,FRE2,2044,1884.27
REGION1,FRE2,2045,1897.65
REGION1,FRE2,2046,1912.32
REGION1,FRE2,2047,1927.00
REGION1,FRE2,2048,1941.68
REGION1,FRE2,2049,1956.36
REGION1,FRE2,2050,1971.03
REGION1,FRE2,2051,1971.03
REGION1,FRE2,2052,1971.03
REGION1,FRE2,2053,1971.03
REGION1,FRE2,2054,1971.03
REGION1,FRE2,2055,1971.03
REGION1,FRE2,2056,1971.03
REGION1,FRE2,2057,1971.03
REGION1,FRE2,2058,1971.03
REGION1,FRE2,2059,1971.03
REGION1,FRE2,2060,1971.03
REGION1,GRE2,2015,184.11
REGION1,GRE2,2016,185.66
REGION1,GRE2,2017,187.21
REGION1,GRE2,2018,188.76
REGION1,GRE2,2019,190.31
REGION1,GRE2,2020,191.86
REGION1,GRE2,2021,190.93
REGION1,GRE2,2022,190.01
REGION1,GRE2,2023,189.08
REGION1,GRE2,2024,188.15
REGION1,GRE2,2025,187.22
REGION1,GRE2,2026,186.14
REGION1,GRE2,2027,185.05
REGION1,GRE2,2028,183.97
REGION1,GRE2,2029,182.89
REGION1,GRE2,2030,181.81
REGION1,GRE2,2031,183.52
REGION1,GRE2,2032,185.23
REGION1,GRE2,2033,186.94
REGION1,GRE2,2034,188.65
REGION1,GRE2,2035,190.36
REGION1,GRE2,2036,191.39
REGION1,GRE2,2037,192.42
REGION1,GRE2,2038,193.46
REGION1,GRE2,2039,194.49
REGION1,GRE2,2040,195.52
REGION1,GRE2,2041,196.14
REGION1,GRE2,2042,196.76
REGION1,GRE2,2043,197.38
REGION1,GRE2,2044,198.00
REGION1,GRE2,2045,198.61
REGION1,GRE2,2046,199.49
REGION1,GRE2,2047,200.37
REGION1,GRE2,2048,201.25
REGION1,GRE2,2049,202.13
REGION1,GRE2,2050,203.01
REGION1,GRE2,2051,203.01
REGION1,GRE2,2052,203.01
REGION1,GRE2,2053,203.01
REGION1,GRE2,2054,203.01
REGION1,GRE2,2055,203.01
REGION1,GRE2,2056,203.01
REGION1,GRE2,2057,203.01
REGION1,GRE2,2058,203.01
REGION1,GRE2,2059,203.01
REGION1,GRE2,2060,203.01
REGION1,HRE2,2015,55.14
REGION1,HRE2,2016,55.77
REGION1,HRE2,2017,56.40
REGION1,HRE2,2018,57.03
REGION1,HRE2,2019,57.66
REGION1,HRE2,2020,58.28
REGION1,HRE2,2021,58.27
REGION1,HRE2,2022,58.26
REGION1,HRE2,2023,58.24
REGION1,HRE2,2024,58.23
REGION1,HRE2,2025,58.22
REGION1,HRE2,2026,58.40
REGION1,HRE2,2027,58.59
REGION1,HRE2,2028,58.78
REGION1,HRE2,2029,58.96
REGION1,HRE2,2030,59.15
REGION1,HRE2,2031,59.64
REGION1,HRE2,2032,60.13
REGION1,HRE2,2033,60.62
REGION1,HRE2,2034,61.11
REGION1,HRE2,2035,61.60
REGION1,HRE2,2036,62.18
REGION1,HRE2,2037,62.76
REGION1,HRE2,2038,63.33
REGION1,HRE2,2039,63.91
REGION1,HRE2,2040,64.49
REGION1,HRE2,2041,65.33
REGION1,HRE2,2042,66.17
REGION1,HRE2,2043,67.01
REGION1,HRE2,2044,67.85
REGION1,HRE2,2045,68.69
REGION1,HRE2,2046,69.71
REGION1,HRE2,2047,70.73
REGION1,HRE2,2048,71.75
REGION1,HRE2,2049,72.77
REGION1,HRE2,2050,73.79
REGION1,HRE2,2051,73.79
REGION1,HRE2,2052,73.79
REGION1,HRE2,2053,73.79
REGION1,HRE2,2054,73.79
REGION1,HRE2,2055,73.79
REGION1,HRE2,2056,73.79
REGION1,HRE2,2057,73.79
REGION1,HRE2,2058,73.79
REGION1,HRE2,2059,73.79
REGION1,HRE2,2060,73.79
REGION1,HUE2,2015,124.66
REGION1,HUE2,2016,125.57
REGION1,HUE2,2017,126.48
REGION1,HUE2,2018,127.39
REGION1,HUE2,2019,128.31
REGION1,HUE2,2020,129.22
REGION1,HUE2,2021,130.87
REGION1,HUE2,2022,132.53
REGION1,HUE2,2023,134.18
REGION1,HUE2,2024,135.84
REGION1,HUE2,2025,137.49
REGION1,HUE2,2026,138.12
REGION1,HUE2,2027,138.75
REGION1,HUE2,2028,139.37
REGION1,HUE2,2029,140.00
REGION1,HUE2,2030,140.63
REGION1,HUE2,2031,141.72
REGION1,HUE2,2032,142.81
REGION1,HUE2,2033,143.91
REGION1,HUE2,2034,145.00
REGION1,HUE2,2035,146.09
REGION1,HUE2,2036,147.74
REGION1,HUE2,2037,149.39
REGION1,HUE2,2038,151.04
REGION1,HUE2,2039,152.69
REGION1,HUE2,2040,154.34
REGION1,HUE2,2041,156.28
REGION1,HUE2,2042,158.22
REGION1,HUE2,2043,160.17
REGION1,HUE2,2044,162.11
REGION1,HUE2,2045,164.05
REGION1,HUE2,2046,165.23
REGION1,HUE2,2047,166.40
REGION1,HUE2,2048,167.57
REGION1,HUE2,2049,168.75
REGION1,HUE2,2050,169.92
REGION1,HUE2,2051,169.92
REGION1,HUE2,2052,169.92
REGION1,HUE2,2053,169.92
REGION1,HUE2,2054,169.92
REGION1,HUE2,2055,169.92
REGION1,HUE2,2056,169.92
REGION1,HUE2,2057,169.92
REGION1,HUE2,2058,169.92
REGION1,HUE2,2059,169.92
REGION1,HUE2,2060,169.92
REGION1,IEE2,2015,88.22
REGION1,IEE2,2016,89.47
REGION1,IEE2,2017,90.71
REGION1,IEE2,2018,91.95
REGION1,IEE2,2019,93.20
REGION1,IEE2,2020,94.44
REGION1,IEE2,2021,95.20
REGION1,IEE2,2022,95.95
REGION1,IEE2,2023,96.71
REGION1,IEE2,2024,97.46
REGION1,IEE2,2025,98.22
REGION1,IEE2,2026,98.80
REGION1,IEE2,2027,99.38
REGION1,IEE2,2028,99.96
REGION1,IEE2,2029,100.54
REGION1,IEE2,2030,101.13
REGION1,IEE2,2031,101.98
REGION1,IEE2,2032,102.84
REGION1,IEE2,2033,103.70
REGION1,IEE2,2034,104.56
REGION1,IEE2,2035,105.42
REGION1,IEE2,2036,106.36
REGION1,IEE2,2037,107.30
REGION1,IEE2,2038,108.24
REGION1,IEE2,2039,109.17
REGION1,IEE2,2040,110.11
REGION1,IEE2,2041,111.23
REGION1,IEE2,2042,112.34
REGION1,IEE2,2043,113.46
REGION1,IEE2,2044,114.57
REGION1,IEE2,2045,115.68
REGION1,IEE2,2046,116.94
REGION1,IEE2,2047,118.19
REGION1,IEE2,2048,119.44
REGION1,IEE2,2049,120.69
REGION1,IEE2,2050,121.95
REGION1,IEE2,2051,121.95
REGION1,IEE2,2052,121.95
REGION1,IEE2,2053,121.95
REGION1,IEE2,2054,121.95
REGION1,IEE2,2055,121.95
REGION1,IEE2,2056,121.95
REGION1,IEE2,2057,121.95
REGION1,IEE2,2058,121.95
REGION1,IEE2,2059,121.95
REGION1,IEE2,2060,121.95
REGION1,ITE2,2015,1058.76
REGION1,ITE2,2016,1066.09
REGION1,ITE2,2017,1073.43
REGION1,ITE2,2018,1080.76
REGION1,ITE2,2019,1088.10
REGION1,ITE2,2020,1095.43
REGION1,ITE2,2021,1096.89
REGION1,ITE2,2022,1098.34
REGION1,ITE2,2023,1099.79
REGION1,ITE2,2024,1101.24
REGION1,ITE2,2025,1102.70
REGION1,ITE2,2026,1108.05
REGION1,ITE2,2027,1113.41
REGION1,ITE2,2028,1118.77
REGION1,ITE2,2029,1124.13
REGION1,ITE2,2030,1129.49
REGION1,ITE2,2031,1145.36
REGION1,ITE2,2032,1161.23
REGION1,ITE2,2033,1177.10
REGION1,ITE2,2034,1192.97
REGION1,ITE2,2035,1208.84
REGION1,ITE2,2036,1225.70
REGION1,ITE2,2037,1242.55
REGION1,ITE2,2038,1259.41
REGION1,ITE2,2039,1276.27
REGION1,ITE2,2040,1293.12
REGION1,ITE2,2041,1306.32
REGION1,ITE2,2042,1319.53
REGION1,ITE2,2043,1332.73
REGION1,ITE2,2044,1345.93
REGION1,ITE2,2045,1359.13
REGION1,ITE2,2046,1371.62
REGION1,ITE2,2047,1384.11
REGION1,ITE2,2048,1396.60
REGION1,ITE2,2049,1409.09
REGION1,ITE2,2050,1421.58
REGION1,ITE2,2051,1421.58
REGION1,ITE2,2052,1421.58
REGION1,ITE2,2053,1421.58
REGION1,ITE2,2054,1421.58
REGION1,ITE2,2055,1421.58
REGION1,ITE2,2056,1421.58
REGION1,ITE2,2057,1421.58
REGION1,ITE2,2058,1421.58
REGION1,ITE2,2059,1421.58
REGION1,ITE2,2060,1421.58
REGION1,LTE2,2015,34.81
REGION1,LTE2,2016,35.28
REGION1,LTE2,2017,35.75
REGION1,LTE2,2018,36.22
REGION1,LTE2,2019,36.69
REGION1,LTE2,2020,37.16
REGION1,LTE2,2021,37.20
REGION1,LTE2,2022,37.24
REGION1,LTE2,2023,37.28
REGION1,LTE2,2024,37.32
REGION1,LTE2,2025,37.36
REGION1,LTE2,2026,37.23
REGION1,LTE2,2027,37.09
REGION1,LTE2,2028,36.96
REGION1,LTE2,2029,36.83
REGION1,LTE2,2030,36.70
REGION1,LTE2,2031,36.79
REGION1,LTE2,2032,36.88
REGION1,LTE2,2033,36.97
REGION1,LTE2,2034,37.06
REGION1,LTE2,2035,37.16
REGION1,LTE2,2036,37.32
REGION1,LTE2,2037,37.48
REGION1,LTE2,2038,37.64
REGION1,LTE2,2039,37.80
REGION1,LTE2,2040,37.96
REGION1,LTE2,2041,38.46
REGION1,LTE2,2042,38.96
REGION1,LTE2,2043,39.46
REGION1,LTE2,2044,39.96
REGION1,LTE2,2045,40.46
REGION1,LTE2,2046,40.77
REGION1,LTE2,2047,41.07
REGION1,LTE2,2048,41.38
REGION1,LTE2,2049,41.68
REGION1,LTE2,2050,41.99
REGION1,LTE2,2051,41.99
REGION1,LTE2,2052,41.99
REGION1,LTE2,2053,41.99
REGION1,LTE2,2054,41.99
REGION1,LTE2,2055,41.99
REGION1,LTE2,2056,41.99
REGION1,LTE2,2057,41.99
REGION1,LTE2,2058,41.99
REGION1,LTE2,2059,41.99
REGION1,LTE2,2060,41.99
REGION1,LUE2,2015,23.31
REGION1,LUE2,2016,23.60
REGION1,LUE2,2017,23.90
REGION1,LUE2,2018,24.19
REGION1,LUE2,2019,24.49
REGION1,LUE2,2020,24.78
REGION1,LUE2,2021,25.23
REGION1,LUE2,2022,25.67
REGION1,LUE2,2023,26.12
REGION1,LUE2,2024,26.56
REGION1,LUE2,2025,27.01
REGION1,LUE2,2026,27.61
REGION1,LUE2,2027,28.20
REGION1,LUE2,2028,28.80
REGION1,LUE2,2029,29.40
REGION1,LUE2,2030,29.99
REGION1,LUE2,2031,30.72
REGION1,LUE2,2032,31.44
REGION1,LUE2,2033,32.17
REGION1,LUE2,2034,32.90
REGION1,LUE2,2035,33.62
REGION1,LUE2,2036,34.36
REGION1,LUE2,2037,35.10
REGION1,LUE2,2038,35.84
REGION1,LUE2,2039,36.58
REGION1,LUE2,2040,37.32
REGION1,LUE2,2041,37.96
REGION1,LUE2,2042,38.60
REGION1,LUE2,2043,39.23
REGION1,LUE2,2044,39.87
REGION1,LUE2,2045,40.51
REGION1,LUE2,2046,41.08
REGION1,LUE2,2047,41.64
REGION1,LUE2,2048,42.20
REGION1,LUE2,2049,42.77
REGION1,LUE2,2050,43.33
REGION1,LUE2,2051,43.33
REGION1,LUE2,2052,43.33
REGION1,LUE2,2053,43.33
REGION1,LUE2,2054,43.33
REGION1,LUE2,2055,43.33
REGION1,LUE2,2056,43.33
REGION1,LUE2,2057,43.33
REGION1,LUE2,2058,43.33
REGION1,LUE2,2059,43.33
REGION1,LUE2,2060,43.33
REGION1,LVE2,2015,23.78
REGION1,LVE2,2016,24.19
REGION1,LVE2,2017,24.60
REGION1,LVE2,2018,25.00
REGION1,LVE2,2019,25.41
REGION1,LVE2,2020,25.82
REGION1,LVE2,2021,26.14
REGION1,LVE2,2022,26.46
REGION1,LVE2,2023,26.78
REGION1,LVE2,2024,27.10
REGION1,LVE2,2025,27.42
REGION1,LVE2,2026,27.80
REGION1,LVE2,2027,28.18
REGION1,LVE2,2028,28.55
REGION1,LVE2,2029,28.93
REGION1,LVE2,2030,29.30
REGION1,LVE2,2031,29.52
REGION1,LVE2,2032,29.75
REGION1,LVE2,2033,29.97
REGION1,LVE2,2034,30.19
REGION1,LVE2,2035,30.42
REGION1,LVE2,2036,30.84
REGION1,LVE2,2037,31.26
REGION1,LVE2,2038,31.69
REGION1,LVE2,2039,32.11
REGION1,LVE2,2040,32.53
REGION1,LVE2,2041,32.88
REGION1,LVE2,2042,33.23
REGION1,LVE2,2043,33.58
REGION1,LVE2,2044,33.93
REGION1,LVE2,2045,34.28
REGION1,LVE2,2046,34.55
REGION1,LVE2,2047,34.82
REGION1,LVE2,2048,35.09
REGION1,LVE2,2049,35.36
REGION1,LVE2,2050,35.63
REGION1,LVE2,2051,35.63
REGION1,LVE2,2052,35.63
REGION1,LVE2,2053,35.63
REGION1,LVE2,2054,35.63
REGION1,LVE2,2055,35.63
REGION1,LVE2,2056,35.63
REGION1,LVE2,2057,35.63
REGION1,LVE2,2058,35.63
REGION1,LVE2,2059,35.63
REGION1,LVE2,2060,35.63
REGION1,MTE2,2015,6.97
REGION1,MTE2,2016,7.21
REGION1,MTE2,2017,7.45
REGION1,MTE2,2018,7.68
REGION1,MTE2,2019,7.92
REGION1,MTE2,2020,8.16
REGION1,MTE2,2021,8.29
REGION1,MTE2,2022,8.43
REGION1,MTE2,2023,8.56
REGION1,MTE2,2024,8.70
REGION1,MTE2,2025,8.83
REGION1,MTE2,2026,8.93
REGION1,MTE2,2027,9.03
REGION1,MTE2,2028,9.13
REGION1,MTE2,2029,9.22
REGION1,MTE2,2030,9.32
REGION1,MTE2,2031,9.36
REGION1,MTE2,2032,9.39
REGION1,MTE2,2033,9.43
REGION1,MTE2,2034,9.47
REGION1,MTE2,2035,9.51
REGION1,MTE2,2036,9.63
REGION1,MTE2,2037,9.74
REGION1,MTE2,2038,9.86
REGION1,MTE2,2039,9.98
REGION1,MTE2,2040,10.10
REGION1,MTE2,2041,10.20
REGION1,MTE2,2042,10.31
REGION1,MTE2,2043,10.41
REGION1,MTE2,2044,10.52
REGION1,MTE2,2045,10.62
REGION1,MTE2,2046,10.73
REGION1,MTE2,2047,10.84
REGION1,MTE2,2048,10.95
REGION1,MTE2,2049,11.06
REGION1,MTE2,2050,11.17
REGION1,MTE2,2051,11.17
REGION1,MTE2,2052,11.17
REGION1,MTE2,2053,11.17
REGION1,MTE2,2054,11.17
REGION1,MTE2,2055,11.17
REGION1,MTE2,2056,11.17
REGION1,MTE2,2057,11.17
REGION1,MTE2,2058,11.17
REGION1,MTE2,2059,11.17
REGION1,MTE2,2060,11.17
REGION1,NLE2,2015,378.24
REGION1,NLE2,2016,382.16
REGION1,NLE2,2017,386.09
REGION1,NLE2,2018,390.01
REGION1,NLE2,2019,393.93
REGION1,NLE2,2020,397.85
REGION1,NLE2,2021,400.63
REGION1,NLE2,2022,403.40
REGION1,NLE2,2023,406.17
REGION1,NLE2,2024,408.94
REGION1,NLE2,2025,411.71
REGION1,NLE2,2026,413.11
REGION1,NLE2,2027,414.51
REGION1,NLE2,2028,415.91
REGION1,NLE2,2029,417.31
REGION1,NLE2,2030,418.71
REGION1,NLE2,2031,420.35
REGION1,NLE2,2032,421.98
REGION1,NLE2,2033,423.61
REGION1,NLE2,2034,425.24
REGION1,NLE2,2035,426.87
REGION1,NLE2,2036,430.12
REGION1,NLE2,2037,433.37
REGION1,NLE2,2038,436.61
REGION1,NLE2,2039,439.86
REGION1,NLE2,2040,443.10
REGION1,NLE2,2041,446.28
REGION1,NLE2,2042,449.45
REGION1,NLE2,2043,452.63
REGION1,NLE2,2044,455.80
REGION1,NLE2,2045,458.98
REGION1,NLE2,2046,462.83
REGION1,NLE2,2047,466.67
REGION1,NLE2,2048,470.52
REGION1,NLE2,2049,474.37
REGION1,NLE2,2050,478.22
REGION1,NLE2,2051,478.22
REGION1,NLE2,2052,478.22
REGION1,NLE2,2053,478.22
REGION1,NLE2,2054,478.22
REGION1,NLE2,2055,478.22
REGION1,NLE2,2056,478.22
REGION1,NLE2,2057,478.22
REGION1,NLE2,2058,478.22
REGION1,NLE2,2059,478.22
REGION1,NLE2,2060,478.22
REGION1,NOE2,2015,467.6
REGION1,NOE2,2016,477.3
REGION1,NOE2,2017,483.3
REGION1,NOE2,2018,492.9
REGION1,NOE2,2019,485.7
REGION1,NOE2,2020,481.4
REGION1,NOE2,2021,502.3
REGION1,NOE2,2022,480.3
REGION1,NOE2,2023,490.4
REGION1,NOE2,2024,499.3
REGION1,NOE2,2025,510.3
REGION1,NOE2,2026,521.3
REGION1,NOE2,2027,532.3
REGION1,NOE2,2028,543.2
REGION1,NOE2,2029,554.2
REGION1,NOE2,2030,565.2
REGION1,NOE2,2031,576.2
REGION1,NOE2,2032,587.2
REGION1,NOE2,2033,598.1
REGION1,NOE2,2034,609.1
REGION1,NOE2,2035,620.1
REGION1,NOE2,2036,631.1
REGION1,NOE2,2037,642.1
REGION1,NOE2,2038,653
REGION1,NOE2,2039,664
REGION1,NOE2,2040,675
REGION1,NOE2,2041,686.7
REGION1,NOE2,2042,698.4
REGION1,NOE2,2043,710.1
REGION1,NOE2,2044,721.8
REGION1,NOE2,2045,733.5
REGION1,NOE2,2046,745.2
REGION1,NOE2,2047,756.9
REGION1,NOE2,2048,768.6
REGION1,NOE2,2049,780.3
REGION1,NOE2,2050,792
REGION1,NOE2,2051,792
REGION1,NOE2,2052,792
REGION1,NOE2,2053,792
REGION1,NOE2,2054,792
REGION1,NOE2,2055,792
REGION1,NOE2,2056,792
REGION1,NOE2,2057,792
REGION1,NOE2,2058,792
REGION1,NOE2,2059,792
REGION1,NOE2,2060,792
REGION1,PLE2,2015,461.01
REGION1,PLE2,2016,471.02
REGION1,PLE2,2017,481.02
REGION1,PLE2,2018,491.02
REGION1,PLE2,2019,501.03
REGION1,PLE2,2020,511.03
REGION1,PLE2,2021,521.16
REGION1,PLE2,2022,531.30
REGION1,PLE2,2023,541.43
REGION1,PLE2,2024,551.56
REGION1,PLE2,2025,561.69
REGION1,PLE2,2026,570.54
REGION1,PLE2,2027,579.39
REGION1,PLE2,2028,588.23
REGION1,PLE2,2029,597.08
REGION1,PLE2,2030,605.93
REGION1,PLE2,2031,612.24
REGION1,PLE2,2032,618.55
REGION1,PLE2,2033,624.86
REGION1,PLE2,2034,631.16
REGION1,PLE2,2035,637.47
REGION1,PLE2,2036,643.86
REGION1,PLE2,2037,650.24
REGION1,PLE2,2038,656.62
REGION1,PLE2,2039,663.01
REGION1,PLE2,2040,669.39
REGION1,PLE2,2041,675.52
REGION1,PLE2,2042,681.64
REGION1,PLE2,2043,687.77
REGION1,PLE2,2044,693.90
REGION1,PLE2,2045,700.03
REGION1,PLE2,2046,705.68
REGION1,PLE2,2047,711.33
REGION1,PLE2,2048,716.99
REGION1,PLE2,2049,722.64
REGION1,PLE2,2050,728.30
REGION1,PLE2,2051,728.30
REGION1,PLE2,2052,728.30
REGION1,PLE2,2053,728.30
REGION1,PLE2,2054,728.30
REGION1,PLE2,2055,728.30
REGION1,PLE2,2056,728.30
REGION1,PLE2,2057,728.30
REGION1,PLE2,2058,728.30
REGION1,PLE2,2059,728.30
REGION1,PLE2,2060,728.30
REGION1,PTE2,2015,161.82
REGION1,PTE2,2016,163.38
REGION1,PTE2,2017,164.93
REGION1,PTE2,2018,166.49
REGION1,PTE2,2019,168.05
REGION1,PTE2,2020,169.61
REGION1,PTE2,2021,170.02
REGION1,PTE2,2022,170.43
REGION1,PTE2,2023,170.85
REGION1,PTE2,2024,171.26
REGION1,PTE2,2025,171.67
REGION1,PTE2,2026,171.73
REGION1,PTE2,2027,171.79
REGION1,PTE2,2028,171.85
REGION1,PTE2,2029,171.91
REGION1,PTE2,2030,171.96
REGION1,PTE2,2031,172.45
REGION1,PTE2,2032,172.94
REGION1,PTE2,2033,173.43
REGION1,PTE2,2034,173.92
REGION1,PTE2,2035,174.40
REGION1,PTE2,2036,175.21
REGION1,PTE2,2037,176.01
REGION1,PTE2,2038,176.81
REGION1,PTE2,2039,177.61
REGION1,PTE2,2040,178.41
REGION1,PTE2,2041,179.10
REGION1,PTE2,2042,179.78
REGION1,PTE2,2043,180.47
REGION1,PTE2,2044,181.16
REGION1,PTE2,2045,181.85
REGION1,PTE2,2046,182.22
REGION1,PTE2,2047,182.59
REGION1,PTE2,2048,182.97
REGION1,PTE2,2049,183.34
REGION1,PTE2,2050,183.71
REGION1,PTE2,2051,183.71
REGION1,PTE2,2052,183.71
REGION1,PTE2,2053,183.71
REGION1,PTE2,2054,183.71
REGION1,PTE2,2055,183.71
REGION1,PTE2,2056,183.71
REGION1,PTE2,2057,183.71
REGION1,PTE2,2058,183.71
REGION1,PTE2,2059,183.71
REGION1,PTE2,2060,183.71
REGION1,ROE2,2015,154.19
REGION1,ROE2,2016,157.33
REGION1,ROE2,2017,160.48
REGION1,ROE2,2018,163.62
REGION1,ROE2,2019,166.77
REGION1,ROE2,2020,169.91
REGION1,ROE2,2021,171.37
REGION1,ROE2,2022,172.83
REGION1,ROE2,2023,174.29
REGION1,ROE2,2024,175.75
REGION1,ROE2,2025,177.21
REGION1,ROE2,2026,178.54
REGION1,ROE2,2027,179.88
REGION1,ROE2,2028,181.21
REGION1,ROE2,2029,182.55
REGION1,ROE2,2030,183.88
REGION1,ROE2,2031,185.49
REGION1,ROE2,2032,187.10
REGION1,ROE2,2033,188.71
REGION1,ROE2,2034,190.32
REGION1,ROE2,2035,191.93
REGION1,ROE2,2036,194.07
REGION1,ROE2,2037,196.21
REGION1,ROE2,2038,198.35
REGION1,ROE2,2039,200.50
REGION1,ROE2,2040,202.64
REGION1,ROE2,2041,204.88
REGION1,ROE2,2042,207.12
REGION1,ROE2,2043,209.35
REGION1,ROE2,2044,211.59
REGION1,ROE2,2045,213.83
REGION1,ROE2,2046,215.91
REGION1,ROE2,2047,217.98
REGION1,ROE2,2048,220.06
REGION1,ROE2,2049,222.13
REGION1,ROE2,2050,224.20
REGION1,ROE2,2051,224.20
REGION1,ROE2,2052,224.20
REGION1,ROE2,2053,224.20
REGION1,ROE2,2054,224.20
REGION1,ROE2,2055,224.20
REGION1,ROE2,2056,224.20
REGION1,ROE2,2057,224.20
REGION1,ROE2,2058,224.20
REGION1,ROE2,2059,224.20
REGION1,ROE2,2060,224.20
REGION1,SEE2,2015,464.80
REGION1,SEE2,2016,469.39
REGION1,SEE2,2017,473.99
REGION1,SEE2,2018,478.58
REGION1,SEE2,2019,483.17
REGION1,SEE2,2020,487.76
REGION1,SEE2,2021,490.65
REGION1,SEE2,2022,493.54
REGION1,SEE2,2023,496.43
REGION1,SEE2,2024,499.32
REGION1,SEE2,2025,502.22
REGION1,SEE2,2026,505.62
REGION1,SEE2,2027,509.03
REGION1,SEE2,2028,512.44
REGION1,SEE2,2029,515.84
REGION1,SEE2,2030,519.25
REGION1,SEE2,2031,522.04
REGION1,SEE2,2032,524.84
REGION1,SEE2,2033,527.63
REGION1,SEE2,2034,530.42
REGION1,SEE2,2035,533.21
REGION1,SEE2,2036,536.46
REGION1,SEE2,2037,539.70
REGION1,SEE2,2038,542.94
REGION1,SEE2,2039,546.19
REGION1,SEE2,2040,549.43
REGION1,SEE2,2041,554.46
REGION1,SEE2,2042,559.48
REGION1,SEE2,2043,564.51
REGION1,SEE2,2044,569.54
REGION1,SEE2,2045,574.56
REGION1,SEE2,2046,579.02
REGION1,SEE2,2047,583.48
REGION1,SEE2,2048,587.94
REGION1,SEE2,2049,592.40
REGION1,SEE2,2050,596.86
REGION1,SEE2,2051,596.86
REGION1,SEE2,2052,596.86
REGION1,SEE2,2053,596.86
REGION1,SEE2,2054,596.86
REGION1,SEE2,2055,596.86
REGION1,SEE2,2056,596.86
REGION1,SEE2,2057,596.86
REGION1,SEE2,2058,596.86
REGION1,SEE2,2059,596.86
REGION1,SEE2,2060,596.86
REGION1,SIE2,2015,45.96
REGION1,SIE2,2016,46.46
REGION1,SIE2,2017,46.97
REGION1,SIE2,2018,47.47
REGION1,SIE2,2019,47.98
REGION1,SIE2,2020,48.48
REGION1,SIE2,2021,49.37
REGION1,SIE2,2022,50.26
REGION1,SIE2,2023,51.15
REGION1,SIE2,2024,52.04
REGION1,SIE2,2025,52.93
REGION1,SIE2,2026,53.20
REGION1,SIE2,2027,53.46
REGION1,SIE2,2028,53.73
REGION1,SIE2,2029,54.00
REGION1,SIE2,2030,54.27
REGION1,SIE2,2031,54.49
REGION1,SIE2,2032,54.70
REGION1,SIE2,2033,54.92
REGION1,SIE2,2034,55.14
REGION1,SIE2,2035,55.36
REGION1,SIE2,2036,55.78
REGION1,SIE2,2037,56.21
REGION1,SIE2,2038,56.64
REGION1,SIE2,2039,57.07
REGION1,SIE2,2040,57.50
REGION1,SIE2,2041,57.92
REGION1,SIE2,2042,58.34
REGION1,SIE2,2043,58.77
REGION1,SIE2,2044,59.19
REGION1,SIE2,2045,59.61
REGION1,SIE2,2046,60.10
REGION1,SIE2,2047,60.59
REGION1,SIE2,2048,61.08
REGION1,SIE2,2049,61.57
REGION1,SIE2,2050,62.05
REGION1,SIE2,2051,62.05
REGION1,SIE2,2052,62.05
REGION1,SIE2,2053,62.05
REGION1,SIE2,2054,62.05
REGION1,SIE2,2055,62.05
REGION1,SIE2,2056,62.05
REGION1,SIE2,2057,62.05
REGION1,SIE2,2058,62.05
REGION1,SIE2,2059,62.05
REGION1,SIE2,2060,62.05
REGION1,SKE2,2015,92.89
REGION1,SKE2,2016,93.85
REGION1,SKE2,2017,94.80
REGION1,SKE2,2018,95.75
REGION1,SKE2,2019,96.71
REGION1,SKE2,2020,97.66
REGION1,SKE2,2021,99.33
REGION1,SKE2,2022,101.00
REGION1,SKE2,2023,102.67
REGION1,SKE2,2024,104.34
REGION1,SKE2,2025,106.02
REGION1,SKE2,2026,107.21
REGION1,SKE2,2027,108.40
REGION1,SKE2,2028,109.59
REGION1,SKE2,2029,110.79
REGION1,SKE2,2030,111.98
REGION1,SKE2,2031,112.78
REGION1,SKE2,2032,113.59
REGION1,SKE2,2033,114.39
REGION1,SKE2,2034,115.20
REGION1,SKE2,2035,116.00
REGION1,SKE2,2036,116.57
REGION1,SKE2,2037,117.14
REGION1,SKE2,2038,117.71
REGION1,SKE2,2039,118.28
REGION1,SKE2,2040,118.85
REGION1,SKE2,2041,119.34
REGION1,SKE2,2042,119.83
REGION1,SKE2,2043,120.32
REGION1,SKE2,2044,120.81
REGION1,SKE2,2045,121.30
REGION1,SKE2,2046,121.68
REGION1,SKE2,2047,122.05
REGION1,SKE2,2048,122.43
REGION1,SKE2,2049,122.81
REGION1,SKE2,2050,123.18
REGION1,SKE2,2051,123.18
REGION1,SKE2,2052,123.18
REGION1,SKE2,2053,123.18
REGION1,SKE2,2054,123.18
REGION1,SKE2,2055,123.18
REGION1,SKE2,2056,123.18
REGION1,SKE2,2057,123.18
REGION1,SKE2,2058,123.18
REGION1,SKE2,2059,123.18
REGION1,SKE2,2060,123.18
REGION1,UKE2,2015,1160.04
REGION1,UKE2,2016,1169.15
REGION1,UKE2,2017,1178.27
REGION1,UKE2,2018,1187.38
REGION1,UKE2,2019,1196.50
REGION1,UKE2,2020,1205.62
REGION1,UKE2,2021,1210.15
REGION1,UKE2,2022,1214.69
REGION1,UKE2,2023,1219.23
REGION1,UKE2,2024,1223.77
REGION1,UKE2,2025,1228.30
REGION1,UKE2,2026,1239.08
REGION1,UKE2,2027,1249.87
REGION1,UKE2,2028,1260.65
REGION1,UKE2,2029,1271.43
REGION1,UKE2,2030,1282.21
REGION1,UKE2,2031,1293.69
REGION1,UKE2,2032,1305.17
REGION1,UKE2,2033,1316.65
REGION1,UKE2,2034,1328.13
REGION1,UKE2,2035,1339.61
REGION1,UKE2,2036,1356.25
REGION1,UKE2,2037,1372.89
REGION1,UKE2,2038,1389.53
REGION1,UKE2,2039,1406.17
REGION1,UKE2,2040,1422.81
REGION1,UKE2,2041,1441.70
REGION1,UKE2,2042,1460.58
REGION1,UKE2,2043,1479.46
REGION1,UKE2,2044,1498.34
REGION1,UKE2,2045,1517.22
REGION1,UKE2,2046,1529.15
REGION1,UKE2,2047,1541.07
REGION1,UKE2,2048,1552.99
REGION1,UKE2,2049,1564.92
REGION1,UKE2,2050,1576.84
REGION1,UKE2,2051,1576.84
REGION1,UKE2,2052,1576.84
REGION1,UKE2,2053,1576.84
REGION1,UKE2,2054,1576.84
REGION1,UKE2,2055,1576.84
REGION1,UKE2,2056,1576.84
REGION1,UKE2,2057,1576.84
REGION1,UKE2,2058,1576.84
REGION1,UKE2,2059,1576.84
REGION1,UKE2,2060,1576.84